Name,information_gain
5671,gb
9989,processor
5682,geforce
10701,requirements
6731,intel
10454,recommended
10281,radeon
515,amd
3678,directx
5900,graphics
10309,ram
5969,gtx
8848,nvidia
8233,minimum
10142,publisher
4186,electricity
13976,windows
6904,itch
8091,memory
7059,joinedfun
10353,ratingnão
925,astragon
13461,utilidade
6106,hazel
1242,beastadd
1055,avenge
12450,system
3638,dificuldades
5746,ghz
1083,award
14023,witcher
7849,maincommunityproductdetails
12698,thank
5756,giftadd
7677,located
12815,tiles
7598,linksofficial
9998,product
299,agodyskusje
8032,meantime
7314,kyros
6680,inserted
5351,freeduck
3661,dinâmica
8635,neither
6711,instance
5490,fx
3884,downloadable
10917,rights
5023,fighters
12135,storage
8708,ninjas
813,array
10871,rexic
3012,crop
11612,similar
13756,vram
10781,restarted
5269,fornecer
5930,grey
2487,commentary
10683,represent
5582,games
10213,qualquer
11921,special
214,adrenaline
10674,report
2794,controversas
7792,lv
7763,lual
12496,takedown
12639,terceira
5903,grasslands
1385,bit
7000,jit
1144,balasar
10005,productsmorescreenshots
2651,conforto
6006,gunmetal
7453,lego
14156,yearunlimited
6734,intelligence
6952,jamsdevlogscommunitydownload
7534,license
2659,conhecer
3574,devices
10549,registrations
4005,duo
8696,nightmare
13024,transport
6293,honest
13151,turn
12974,trademark
3197,darksiders
10732,reserved
2946,crawlerâ
4193,elemental
4490,espião
7801,lærke
12704,the
13982,windowswindows
1833,capcom
11947,spellforce
4425,era
11128,salad
11827,solved
1328,bestseller
5159,fleet
3718,discuss
2981,creeping
1285,bejeweled
633,anti
3716,discretion
9472,personaliza
6174,henry
10588,releaseddate
13457,usuáriosavaliação
6088,harshest
11339,seja
6911,iterating
11126,sake
2836,core
10203,qloc
14166,yo
1568,bra
4142,eduwebwolfquesta
2314,collectionagent
4350,enjoying
8431,motives
7318,lab
12583,techland
13965,will
8842,nutter
10719,research
6008,guns
10713,requires
13282,underworldgifwebspace
4412,epistory
5105,firaxis
3144,daedalic
3599,dhide
11109,sacrifice
8518,mutsumi
4201,elevations
484,alternatives
12778,thriller
10657,replacing
8920,officially
6469,images
12682,tests
5424,frontal
4784,faction
1388,bitcomposer
9351,path
3005,criterion
8444,mounted
13958,wilderness
12189,strings
12700,thanks
13683,visuais
7776,luis
14148,yamada
12529,tapes
3048,ctiatlsvci
7170,kalypso
7296,kraków
10760,resources
8564,name
10345,ratedhi
1046,avaliação
12157,storyr
7199,kenney
6248,hit
8674,newsletter
10034,programming
13460,utcgames
13820,warning
3333,deixou
1264,beer
6546,inc
4666,expanding
8673,newsies
12282,subscription
10198,públicosplay
2667,connection
5075,filters
11967,spin
12975,trademarks
2686,conseguia
1602,breveem
6346,hoursget
4844,fantástica
10525,refreshed
4670,expansionrock
1601,breve
3378,demooctopus
6813,invaded
8542,máximo
3816,documents
840,arts
4295,encorajado
329,agoplayed
3756,distrações
9903,prestigehotel
3336,dele
9748,popularstandard
2138,cibernéticas
9608,planetpatch
1651,browsebrowseplay
9647,playerunknown
3018,crouch
7975,masters
7224,kids
5264,forming
7289,kombat
527,amigosaceitar
3266,deathmatch
12294,successful
6994,jeu
9518,phobia
6835,invited
14159,yellowstoneaverage
301,agoexcellent
13569,versionsby
11887,spa
6742,intenso
2653,confrontations
8557,na
1525,boost
12208,studio
8779,nov
4379,entertainment
7707,lone
2531,compatibility
5806,glorious
4440,error
5359,freeknuckle
13072,trigger
617,anosplay
555,and
6369,https
11715,skywalker
10278,racionamento
3498,desperate
11304,sectors
8553,mínimos
6125,heal
12042,starflight
7096,joins
111,achieve
6383,humanos
10601,relive
12830,tin
12425,sweet
3492,desktop
10351,rating
12128,stoneem
8015,mb
6853,ioâ
7358,languages
9918,preço
10209,quaisquer
9426,perfect
7784,lurking
12037,star
8369,montreal
7969,massively
10189,pyramids
6986,jean
12125,stomach
673,apenas
10320,ran
12261,submissionslewd
5546,gameeducationalfightinginteractive
13944,whose
8705,nimbleness
5857,gorge
2952,creak
14070,workshopsteam
12209,studiomdhr
10428,recent
4259,emperor
11981,spooky
12716,their
8888,occupies
10087,protection
11247,screenif
1887,cartas
8688,nickwedigadd
2530,compassion
12073,staxel
13809,warhorse
10212,quality
5583,gamesadd
9253,parade
3588,devote
12909,torchlight
12605,telling
9239,pants
2219,client
3742,dispose
12283,subscriptions
1974,centenas
4166,egyptian
8217,mine
6001,guise
11391,separately
9577,pixel
9596,plague
13360,unscathed
2765,contos
5585,gamesblade
9156,overworld
7798,lynch
2345,collectionimpulse
3246,dd
5538,gamebeta
3647,digs
11274,seamy
5215,folder
7230,killers
712,appreciate
2532,compatible
1270,begin
12084,stealth
1177,bare
8539,mágico
2693,consequências
5235,foraging
11470,shadowmf
6897,itai
10163,pups
9432,performance
8509,music
5083,finalizar
410,alchemya
6398,hunter
4118,editionsfeaturesoverviewdescriptionsystem
7514,librariansomething
9882,preparing
311,agohey
3383,demônios
4274,en
5477,furtividade
6052,handgun
12384,surround
3092,cused
11840,somewhat
11688,skating
5722,geralt
8381,morealso
6263,hoje
10306,raising
3251,dea
823,arte
3882,downfixed
11158,sandbox
8301,model
8703,nil
11144,salute
7774,lugar
14225,zueira
6183,heroa
10693,requerem
7393,launch
1486,boas
13920,wh
10344,ratedbest
4494,esports
7580,limited
6470,imaginable
2369,collectionscufflea
9824,pour
12677,tested
5383,freetie
5074,filtering
3257,deadline
5096,finish
4242,emblemáticos
9949,prioritize
1760,cabbagewarrior
11511,shields
7662,loads
9281,parr
7135,julie
5628,gameswarcraft
1448,block
6388,humor
13721,volante
1988,certamente
4730,expose
438,alienígenas
6773,internet
11934,specs
5659,gaslamp
12034,standard
2018,changelogsudoku
213,adrenalina
2485,commands
10144,publishing
12053,startups
11165,sandyhunfollow
8718,no
6337,hour
11069,ruler
8978,opcaptions
13157,turnto
2208,cleared
4051,eala
5821,goat
220,advantage
7369,lapse
4555,eula
10686,representing
12095,steamworks
11061,rudimentares
559,andi
10846,revenue
13638,villains
8258,miss
6206,hideo
2966,creatively
322,agonice
790,armageddon
4885,fault
9026,or
825,artes
10936,rituals
5528,galorethe
9659,playstation
4345,enhanced
3781,division
4473,esp
9814,potentially
9872,premeditated
8159,methods
11873,soundtrack
10383,read
8490,multiplayertitanfall
4495,espreitando
8299,mode
3688,disappear
8399,morepayment
12273,submit
13714,vocę
2161,circumstance
2422,colour
13614,videoscontentspremier
9273,paris
2744,contender
5757,giftcards
1829,cap
9410,pendente
13406,uplay
5154,flawed
14209,zipped
9746,popularidadepor
4487,especially
5812,gmbh
10326,range
7573,limbo
13609,videogames
9922,priced
12449,syndrome
2448,combine
10134,public
7454,legrindmost
5412,friendly
3261,deals
2930,craft
2809,convidar
7121,js
4446,esa
517,amended
4422,equivalent
12432,swiss
2688,conseguirão
2388,collectionwoodsya
10154,pump
12886,tomilis
2970,creatorsblueprints
5580,gamersgateentre
2436,comando
10214,quando
9925,priceon
11284,seasonmake
9509,phase
4992,fez
9084,other
14280,ภาษาไทย
4527,estrangeiros
700,appfrom
9265,parede
254,affiliate
3067,cunning
13974,window
12070,statusreleasedplatformswindows
1569,bracing
689,apparel
2880,costumes
11077,runic
554,ancient
575,anima
3994,dump
159,add
2820,cooking
13739,votadosenviar
2116,choose
7614,lion
3673,directionwinner
6754,interacts
1591,breakthrough
3408,depressed
11673,sitesuporte
14076,worlds
956,atmospheresauthentic
5232,for
10083,prosperous
5509,galactic
7388,latest
3097,customer
868,ask
5622,gamestoolscomicsbooksunreadable
10201,qar
3318,defending
13583,veterinarian
10974,rogue
11292,seconds
12018,stadiums
6454,iir
8379,more
6191,herself
8378,mordor
6244,history
4681,experience
12019,staff
6211,higher
7037,join
12589,technologyfifa
6715,instantly
9856,precursor
10563,reinos
10799,resultspricefreeon
1137,baixo
12914,tormented
9920,price
11447,settlers
6057,hands
2912,court
12945,touchscreen
8949,olly
8606,neatly
13391,updatethe
9862,predecessor
5606,gamesitch
2435,comactivate
7527,libredia
2931,crafted
11786,snow
8496,mundo
14180,your
817,arrived
8630,neighbor
3219,daventry
1848,captured
5175,floor
9305,partir
11001,rondomedia
878,aspirations
10600,relief
8179,microids
9111,outlines
8502,murdered
6852,ios
11190,says
2928,crack
13521,vazioseu
5049,filesgamepage
9461,persistente
4581,everything
1998,ch
13169,tweaked
10370,rayuse
13319,units
3567,developments
207,adorable
7067,joinedimprovised
6791,interwoven
6354,how
9937,primeiromais
3950,drive
2867,corrupting
7126,jude
12142,storeð
11653,sistema
11266,sculpting
114,achievementsfull
5881,grade
13224,ufo
353,agoyes
6202,heâ
2247,club
8442,mountain
6553,included
2433,colônias
7361,languagesčeský
11267,sdk
8447,mouse
1970,cells
12899,top
1325,bestas
11830,som
13831,wartime
7317,la
11729,slew
1770,cakewalk
3604,diagnose
5182,flowers
11209,scavenge
2303,coleção
1406,black
11250,screenshots
7485,lethality
6205,hide
6618,infiltrates
3096,customcategory
3208,date
5190,flush
2998,crime
6266,holders
7208,key
999,aurora
4008,durante
2973,creatures
6478,imdb
2669,connections
11173,sas
13526,vector
4914,fcgi
6509,importando
7999,maul
2082,cheio
8213,minded
9897,press
14139,xsolla
10766,respective
8730,nomad
7357,languageportuguese
4901,faz
10711,requirementsscreenshots
5599,gamesfor
3631,differently
160,added
12136,store
11275,search
10725,resenhas
2614,concertvideo
1374,biotics
2668,connectionchange
3479,desesperar
10967,rocking
10094,provar
11164,sandyhfollowing
9150,overviewgenresimulationrelease
5824,godfather
13074,triggered
4054,eared
11732,slicker
9087,otherworld
2906,coupled
1461,bloodier
5048,filesfirst
8368,montpellier
1648,brothers
10398,really
8850,nx
3345,deliverance
3776,divertidos
10009,produtos
1410,blackguards
5268,fornecendo
4148,effect
8285,mmm
12269,submissionsyour
4483,español
8681,niccolo
10920,rime
6620,infiltrator
11734,slight
201,admire
5524,galeria
9254,paradise
11814,softworks
206,adopt
11052,rpgwitcher
7567,likes
5176,floors
13219,ubsurdnerd
5731,gerou
10343,rated
1196,basements
12938,totalscore
14172,you
3285,decide
7669,locale
8324,modseverything
9504,pga
8759,notably
9762,portfã³lioviajante
5377,freesketchbook
1721,burrito
12980,traditional
4919,fearless
60,acceptedyour
7993,matsumae
14136,xp
12164,stranded
2600,comércio
11322,seen
3370,demon
9165,ownerships
2915,courtroom
13753,vpltd
13353,unregistered
7761,lts
11719,slasha
6861,iris
10849,review
9109,outfitsfrom
11912,spawn
5470,funny
1575,brandish
2004,challenging
1365,billy
2997,cried
5808,gloss
3480,desfile
3957,drm
12499,takes
4391,entre
11923,specialisations
135,acting
13117,truly
9036,orderbattletech
8268,mist
7353,language
1257,becos
3168,danger
9804,posting
10521,refletem
13717,voices
11467,shader
8867,objects
10983,roller
6757,interessantes
3249,de
8882,obter
1750,buzz
13420,urbem
11925,specialists
6905,item
8535,myth
5985,guess
1813,candle
5282,forums
1463,bloody
6499,impending
14289,歳以上対象
11853,soon
9988,processo
8143,messagethis
11300,secs
12389,survive
11675,sith
5390,freeyou
799,armor
9517,philly
7653,lmb
11286,seat
5569,gameproductdata
14102,written
6821,invasores
2211,clever
10197,públicosfifa
1348,biblioteca
3413,depth
1815,cannibals
8950,omen
361,agree
3010,croatian
6279,homecoming
4883,fatos
2584,compras
5744,ghosting
5060,filled
6752,interactivedoomsday
13109,trouxemos
2580,compradocomprar
13986,wine
475,alright
9502,pevent
2199,classification
13978,windowsdisponível
2900,countries
11986,sport
13482,valid
13746,votos
12370,surface
6277,home
13107,troubleshooting
900,assetsð
9230,pandemic
11137,salesð
7752,lower
12223,stupid
13123,truth
7753,lowercase
8367,montoute
1428,blcpre
5565,gameplay
8269,mistake
8777,notify
11659,site
6219,highscore
2262,coalfire
3164,dancing
136,action
12380,surreal
3351,delivery
4188,electronicarts
11588,sign
5543,gamedevlogssearchlog
82,accordance
1163,bandai
10965,rockets
11018,rotate
3323,deficiencies
9666,please
7023,jogos
3539,determinada
9418,pepperoni
7340,lamp
7996,matterit
11075,run
7078,joinedmusic
6215,highlight
2151,cinco
655,anythingreply
3881,down
930,astúcia
508,ambientados
12854,titlelatestmais
3186,dark
13851,waves
5526,gallery
13064,trialtry
12513,talking
1731,busque
132,acrobáticos
6750,interactive
1585,breadth
13240,un
10303,raining
3726,disk
5638,gaming
7425,leaky
7532,licences
190,adjust
10068,propeller
4035,dynamics
3759,distribute
13578,vests
11693,skies
8416,mortais
12368,suraya
2083,cheios
10577,relatório
11937,spectacular
7979,matador
725,apresenta
185,adicionar
7536,licensee
10524,refresh
3572,deviantart
12038,starbreeze
2569,components
13480,vale
12912,toriexplore
7497,levelsfifteen
10007,produto
12424,sweeper
4312,endless
399,alarm
11541,shopping
7981,matar
8556,n_nreply
9900,presssubmission
4356,enquanto
12290,suburbs
2903,countryside
3468,desenhados
6116,headgear
2355,collectionmini
4893,favoriteskenneydaniel
13679,vista
2777,contributions
4341,englishem
7922,mar
1377,birds
10926,rippz
1191,base
1686,builds
305,agogave
6761,interests
7299,krassensteinstarts
2865,corrupted
10496,redownload
3758,distribuição
4943,feedback
11381,sentado
9613,planted
11460,sexualnão
4926,features
6584,indicate
5993,guidance
8707,ninjahtic
3389,densamente
13741,vote
4009,durar
8060,medjay
13127,três
467,alma
688,app
5948,ground
9889,presentation
46,abzû
2839,corgmonster
6129,hear
12203,struggles
1352,big
13878,webschankboithe
2333,collectionevolutioncreate
4720,exploring
3937,dredmor
7433,leased
2144,cientista
8481,multifacetado
12400,suspicious
5008,fictionplatformerpuzzleracingrhythmrole
6570,incredible
5673,gbempresa
8916,offers
12476,tagalog
5144,flame
4573,ever
6464,illustrative
940,aterrando
11510,shield
12798,ti
8102,mensagem
1893,cartoons
10893,riddle
2113,chocolate
11679,sixty
12993,trainsfixed
820,arsenal
2102,chimes
4586,evitar
12575,teamthe
10547,registered
7934,mark
13837,wasteland
3039,crypt
2499,commonplayer
13180,twists
5630,gamesð
369,aguarda
2704,consistently
2967,creativity
10041,prohibited
5016,fiery
9780,positive
2090,chest
4748,extinguished
571,angelthis
3163,dance
97,accustomed
9853,precision
5173,flooded
10471,recreio
13095,trojan
10485,redefine
7725,lore
13886,webunbelievabubblea
2170,citizenship
6830,investigate
14112,xandialexandersubmission
12512,talkies
8540,mágicos
10870,rewritten
736,aproxima
3356,deluxe
13229,uk
12141,stores
10678,reports
11623,sims
9927,priceyou
7468,lenght
12267,submissionsupcoming
3199,darn
12992,trains
660,anúncios
3557,devblog
4999,ffwmquwkpe
6583,indicador
4940,federation
3528,detail
4587,evite
6805,introducing
11678,six
241,aegis
7711,longas
3771,dive
5800,global
9566,piranha
9576,pixark
9266,paredes
9169,oxford
7885,managers
13364,unstoppable
6675,insaniquarium
8932,ohne
4158,efforts
9624,platformspc
1345,bhttps
9404,pelas
9246,papo
6132,heartbreaking
3966,dropdown
12645,terms
11506,shenanigansstarts
525,amigo
12860,to
13669,visceral
12474,tactics
7649,livro
7508,liberate
7467,lendário
9311,party
857,ascii
556,andando
5522,galaxysign
1711,bundleslog
7848,main
5450,full
2301,coletar
3606,dialog
9380,paynova
9964,probability
12498,taken
14213,zodiarcs
6292,hone
3405,deponia
1397,bitsy
5,_size
8371,mood
11210,scavenger
5600,gamesgame
5492,fynn_svenson
13203,técnicos
12244,submissionlewd
12655,terrenos
10464,recording
11893,spaces
12762,thoughts
3431,desbloqueando
5607,gameslearn
7667,locais
12779,thrilling
12156,storyprofessional
14129,xi
11833,somebody
13267,undergrowth
5893,grandpre
5118,fireworks
4289,encontradas
8173,mhz
5343,freedelveplatformer
6260,hog
12581,tech
3764,district
4789,facy
2874,cosmic
4559,europa
10857,revo
6445,ignitionminha
1226,battletech
8692,night
4781,facilmente
1093,awoker
6704,installer
1668,buddywant
4300,encourage
8812,nu
9636,playerco
12314,suit
5196,fmodaudio
5073,filtered
8755,nossas
4598,exaggerate
1000,ausstehend
3128,cyclopic
9571,pit
9834,powerups
9300,partida
702,apple
3303,dedicating
3899,downloads
12514,talks
5062,film
12933,total
7305,kuju
12850,titans
12391,survived
11747,slothy
4401,environments
4156,effort
5759,gifting
13535,velha
10491,redlynx
7871,mal
994,august
3081,currentlanguagecode
8824,nukgames
13230,ukrainian
8428,motion
12452,systemos
10283,radioactive
10463,recordes
14302,전체이용가
9833,powers
521,americas
13288,unearth
9372,payback
455,allitems
13032,tratando
7624,listening
4837,fans
7504,liamsortastarts
11465,shacknews
4414,equip
8020,mcalester
11946,spellbound
7692,login
6538,in
1990,certificate
7674,locally
13171,tweet
10458,recompensas
12467,tabletop
2032,chaptersheroes
12011,srl
12580,teaser
8527,myshunocheck
9816,pottering
7538,liek
1081,awakened
11743,slopes
323,agoninja
10301,rainbow
661,ao
5274,fortify
12737,thick
9160,own
4746,extinction
8154,metal
13954,wiiu
12964,trabalho
93,accumulating
7846,mailed
4897,favourable
4103,editionfut
13713,vocês
9073,os
71,accessories
8829,numanbaran
13332,unlimited
12137,storeaboutcommunitysupport
722,apr
8839,nunesshooter
6709,installments
5119,first
13486,valleyminha
6524,impromptu
13174,twenty
3426,desafios
7973,masteroidmine
12927,torpedoes
12506,talent
12694,tf
9720,political
7723,lord
6070,happily
4854,faqs
7593,linked
1572,bran
6544,inbox
5042,filerelease
13225,uge
8170,mexico
2972,creature
1118,backgrounds
10839,reveal
3768,disturbing
6617,infiltrate
6409,hy
13607,video
12661,território
14219,zone
2000,chains
398,alan
7255,kiss
9270,parenthesis
8174,miami
13290,unepic_fran
12928,torresestratégia
8082,member
13754,vr
7210,keynote
10139,publicly
2597,comunidadefacebooktwittertwitch
10050,projeto
10907,ridonculousguy
6940,jamenter
1258,bed
6543,inaugural
1316,benzos
1541,bosses
3078,currency
9282,parries
10790,restrictions
12837,tips
5895,granting
1027,automated
7058,joinedforge
8104,ment
10006,productsscreenshots
256,affiliates
9880,prepared
6635,informationpublished
2571,composed
8386,morechristmas
7576,limitado
10030,programem
6614,infestado
4291,encontrados
7450,legion
5238,forces
7759,ltd
12812,tigerjsubmission
10803,resumed
13992,winner
3839,dollar
13356,unresponsivewhen
9512,phenomenal
8662,nevertheless
10347,ratedrecently
3474,desenvolvidos
13496,vamos
9415,pentium
2956,create
14025,witchinga
13664,virtus
10238,querem
2237,clothes
3542,determine
12555,tbc
2475,comicsð
12235,submarines
2379,collectiontempests
7428,learned
10048,projekt
2125,christmas
11930,specific
8793,noveltags
2857,corresponding
10128,psychotic
1771,calaca
1330,bestselling
4039,dystopia
9618,plate
5000,ffx
9522,photo
13286,undulating
8161,metro
12159,storytelling
6071,happy
12906,topicview
10699,required
9168,oxenfree
6517,imposter
8408,moreyou
5064,filme
10669,reply
4621,exclude
9186,packnão
13416,upto
6323,hospital
2011,championship
7773,ludum
13010,transform
11580,sidebar
9023,optional
10442,reclusivegamer
5188,fluidly
12781,throne
12085,stealthy
12740,thieves
10832,returning
9599,plan
11043,rpghello
13601,victis
643,antigos
4303,encroach
7794,lwjgl
1123,backup
11417,servers
7791,luz
10518,refinements
13927,when
480,alteraçõesdeslogarsuas
6665,innovate
10311,rambling
780,ark
4752,extraction
1916,catalog
7617,liquivid
8689,nier
4340,englishanother
4098,editiondiscover
6545,inboxes
9048,orderthe
13822,warp
3841,dolphin
9842,praise
1017,authorsthe
10404,realy
11631,simulationmanager
86,accountable
2964,creative
8574,narrowly
5537,gamebau
6674,insanely
6526,improperly
7612,linuxrating
8403,moresuportehow
3600,dhlpsv
9302,parties
1655,browsing
12233,subject
4571,eventsfixed
7498,leveraging
4278,enable
5058,fileweekly
10592,releasing
3369,demoi
42,absorption
10930,risen
5866,gothic
4734,expressions
6025,hacknet
577,animais
12110,steve
1671,bug
10085,protect
9368,pause
5457,funcional
7879,man
6597,indivíduo
2189,clarification
2434,com
1624,brilhantes
7356,languagehosted
13951,widget
12297,sucesso
5226,fome
3002,cristiano
7338,lamar
1186,barrels
1852,car
11787,snowblind
6186,heroesdouble
9572,pitch
14116,xavierproduced
8764,notes
3547,detê
7108,joust
7877,malévola
1538,borracha
8182,midgardem
10960,robust
8467,msi
5656,garfield
360,agradável
13383,updated
11780,snapshot
10697,requests
12784,throughout
6724,insurgency
55,accelerated
5931,greyed
9080,ostkingdom
7906,manuais
9171,p_sid
1309,beneath
2679,conquer
4475,espacial
10095,provavelmente
8406,moreversion
197,admin
4557,euro
853,asa
11516,shipping
2493,commission
10543,regeneration
4249,emi
6717,instantâneo
1298,belt
5741,gg
4227,em
12214,studiossubmission
6671,inregister
13164,tutorials
4433,eredivisie
9884,prequels
6179,here
777,argentina
13168,tweak
5397,french
12596,teens
1534,borders
9822,pound
1449,blockbuster
9686,poderiam
2760,continuação
2419,colossal
9855,precisos
12302,sudoku
486,alters
12646,termslegalcontact
127,acquires
13651,violence
4339,english
6438,idunasoft
7824,made
8491,multiple
3762,distributor
7569,liking
11384,sentindo
11713,skyrim
1845,captivating
2339,collectionguardian
12012,ssl
8139,messageconcerning
10206,quadro
8401,morerecruit
9894,president
3731,display
9055,organized
2322,collectionclose
13860,wd
2392,collector
12212,studiosadventureadd
3256,deadlier
13854,wayaward
11221,scheme
9115,outr
12422,swedish
125,acquire
5165,flicking
9283,parrots
11087,rust
6427,icónicas
13085,trip
6581,indev
10626,removable
8577,nascido
7596,links
11480,shantae
12664,terrorist
1215,battlefield
11239,scoretext
5578,gamers
4536,estrela
991,audrey
8847,nuvens
7950,martianspurple
6976,jaunty
1398,bitten
873,aspect
10153,pulsing
4370,entendi
7191,keep
684,apoio
8582,national
488,although
5848,goodies
235,advices
1746,buy
6741,intensive
24,abilities
7158,justice
1693,bumble
10885,rican
2350,collectionlove
11881,south
13552,vengeful
4590,evolução
12593,tedcombobulatesubmission
2999,criminal
10148,pug
4747,extinguir
3815,documentary
3625,diferentes
4016,dutch
2623,conectado
3717,discs
6593,indisponíveis
6719,instituições
4773,face
11449,setupafter
1856,card
9147,overthrow
9782,positivevotescount
9966,problem
13207,títulos
6439,idéias
3628,differences
13316,unite
1180,bark
13994,winnipeg
4203,elex
2260,cnut
7519,libraryextended
7281,knvb
8385,morebecome
9204,page
1989,certeza
6987,jedi
278,agile
11908,spanish
3444,desconto
11556,shovels
2845,corners
11359,selling
2968,creator
6554,includes
8125,merciless
8624,needless
3153,dalmascan
10517,refined
9638,playermulti
7426,leap
13903,well
10481,rede
8891,occurred
13554,venice
4265,employs
7796,lydia
2718,construction
12172,stream
12403,suzaku
1436,blend
7491,levantam
9500,pets
7721,loose
3514,destroy
2504,communication
12366,supreme
12320,summary
6103,hawaiian
7547,lift
1810,cancele
8832,numberless
10019,profilesby
13649,vinland
4619,excitementnew
2770,contrastinteractive
9524,photography
9535,picking
11529,shogun
4600,example
6766,interior
2798,convenientes
14265,для
2936,crania
2899,countless
1022,autocomplete
3182,dar
7349,landsa
1474,blueprint
1290,belief
13938,whirl
9439,pergunta
1959,cdprojekt
11141,salt
8392,morein
11166,sandyhview
9539,picnic
4447,esboçadas
1321,besides
972,attribute
1941,cavalos
2329,collectiondo
12847,tissue
11319,seem
5010,fictiontagsart
12660,territory
6588,indicativa
1441,blind
6491,immerse
3173,dano
13846,watermelon
744,aquire
4399,environment
13693,vivamedia
13950,wider
14197,zanga
1742,buttonblind
13310,uninstall
7030,jogospolíticasfale
7080,joinedpast
9648,playful
4916,fe
7501,lewis
7990,mathematical
6787,intertwined
370,aguardando
2816,convoys
227,adventurerelease
2089,chessgames
7482,let
627,antecipado
8455,movements
5676,gdc
9878,preorders
10514,referrals
12729,theory
10218,quantum
3513,destiny
13066,triband
6290,homeworld
10077,proportions
9063,originally
4970,female
6210,high
13678,visseradd
2312,collecting
9610,plans
12753,thirty
7998,mature
2239,cloud
8732,nome
11473,shadownetget
8350,monkeys
12804,tide
7713,longer
10047,projects
13589,vfx
10145,pubnub
1679,build
7402,law
6477,imbed
1467,blossomsthedismalsimmermodern
11132,sale
5770,giraffe
1560,box
9014,opshared
1951,cc
5295,fox
14073,world
1210,batman
10658,replay
13193,type
1559,bows
11823,solo
7119,jr
178,adhoc
490,altogether
3823,dog
12169,strategies
5655,gaream
13890,weekend
8200,militia
3100,customisable
6746,interact
12130,stonewitcher
12841,tired
9738,pool
697,appearances
8595,nazario
5677,gdl
3482,desfruta
8315,modificação
13795,want
6972,japanese
10113,príncipe
13408,uploaded
14154,year
8342,monday
4673,expansão
9554,pilotos
10196,públicos
10035,programs
7872,malay
11772,smooth
1404,bl
12155,storyline
3952,driven
7115,joystick
1664,buckle
12386,surroundings
297,agodon
14128,xhosted
2230,clique
10921,ring
10042,project
1617,brigadea
7926,marca
1043,availible
3388,denmark
10939,river
568,angel
470,along
3382,demónios
5131,fix
9467,personalidade
979,atualizações
13729,voltarão
3986,duas
3314,defeat
9695,pogo
11143,saltyou
6957,jamsupload
8663,neverwinter
4400,environmental
5877,grab
6856,ippo
10115,próprios
8391,moregreat
12413,swarm
4432,eredin
440,alimentado
4010,duration
2374,collectionsprojects
7665,lobby
7760,ltda
796,armies
12272,submissionyou
8487,multiplayerlinkshelp
12427,swim
3552,dev
11860,sorry
1767,cadalin
11753,slowly
4765,eyeswhat
752,arc
4264,employees
1635,brl
5767,gilesadd
3791,dk
7471,lengthy
5687,gems
13422,uruguay
1555,bounty
8326,moedadeslogarfazer
7741,love
282,agoah
8538,mythology
2612,concertem
10204,qnu
1455,blogdownloaddownloadwindows
9139,overhead
6160,hello
1501,bolt
3568,developmentð
10374,re
13276,understanding
9052,organically
1336,better
6613,inferno
2917,covered
12124,stolen
2014,chances
3615,dias
10430,recentes
1060,aventuracompartilhartweetcompartilhar
3123,cyberhippie
14217,zombies
8835,numerosos
2856,correspondence
13476,vae
6869,irresistível
1158,bananareply
12416,swat
7064,joinedgetting
8567,naming
12780,thrills
10230,queenrule
11471,shadowmi
9094,our
1057,aventura
6713,instant
10853,revise
7869,makes
12871,todaythe
8123,merchant
12248,submissionsbuild
10475,recursive
1216,battlefront
1087,awarmanadded
5438,frustration
10805,resumo
3034,crusader
8895,oceans
8726,node
2095,chief
12710,thebutlergame
2814,convites
7748,lovin
6397,hunt
5827,gods
1608,brianna
9525,photos
7947,marsminha
2281,codex
9848,precious
4250,emilys
8498,municiberg
5698,generator
9417,peopleplonchisadd
4925,featured
4955,fef
10080,props
7287,koei
993,augment
13914,western
5162,flexi
1993,cfg
3478,deserves
12802,tickled
2573,composers
4049,eagerly
10008,produtoidiomas
9383,pc
877,aspirantes
13719,void
11716,slam
7492,levar
8607,neccessery
4687,experientes
3533,detect
5085,finalmente
13924,what
8276,mithril
4397,enviar
13433,usd
6636,informações
6159,hellld
6108,hd
11977,spoil
3948,drinkbox
10098,provided
12845,tirodescentdescentem
6826,inventoriesfixed
10271,race
7918,mapreply
14255,útil
2901,country
2604,concentrar
8115,mercadores
11483,shapes
142,activating
10505,reefs
572,angle
14237,árvore
6094,hat
2488,commenting
2751,contests
14125,xfvjbvzc
2410,colony
2026,channels
10670,replying
8051,mediascreenshots
2308,collect
14282,中國
10620,reminds
8346,monitor
13313,unique
12160,storywebtetratowerbehold
13720,vol
9121,outros
1973,censorship
11086,russian
8859,năo
6641,ingress
8547,média
10260,quit
12447,syndicate
6435,idiomas
30,about
10107,proxys
2826,cooperativo
13959,wildest
4311,endings
12196,strongest
1300,belver
1091,awful
4459,escolhas
13957,wildcards
2444,combination
6737,intensa
6169,helplessly
13628,viewtwo
3484,design
366,agreementtry
6660,injured
12670,tesham
6234,hipercarro
5266,formula
11914,spawns
3061,cultive
6596,individuals
11643,sing
1984,ceramic
6518,impression
4411,episodic
6475,imagines
12118,still
2847,corp
4528,estranha
8477,muito
2256,clãs
3877,double
9226,pals
1197,bases
108,acesso
2232,close
10162,puppies
5690,generally
6629,info
3842,domain
6949,jams
5747,ghzintel
13663,virtual
10389,realdefesa
954,atmosphere
10089,proteção
9027,orange
2064,checkmatesimple
6981,jawns
3679,direito
11603,silly
13750,voyage
2418,colossais
2366,collections
8699,nighttime
10943,rj
7767,luchador
2381,collectionthe
8656,networked
13647,vindikut
9149,overviewgenreaction
2207,clear
14288,普遍級
7905,mantis
2920,coverttrickstersubmission
9505,pgv
14046,wondering
8272,mistralis
13077,trilha
3357,deluxeincluded
14155,years
12610,temos
1172,bar
4296,encounter
8956,on
2934,crait
5563,gamepad
3391,dente
10029,programdata
10876,reúnam
6135,heartpiercer
11885,sozinho
204,adol
982,aturdida
5481,futility
13557,ver
3936,dreamworld
6833,invista
